fact_key,time_key,location_key,organization_key,disaster_key,shelter_key,personnel_deployed,vehicles_deployed,shelter_capacity,shelter_occupancy
1,20071115,2,6,1,6,43,4,200,193
2,20071115,2,7,1,,23,17,,
3,20071115,2,1,1,5,115,34,200,168
4,20071118,2,5,1,6,88,6,200,89
5,20071121,2,3,1,5,39,9,200,73
6,20071124,2,7,1,5,11,1,200,63
7,20071124,2,5,1,,26,6,,
8,20071127,2,2,1,6,31,6,200,86
9,20071130,2,7,1,5,41,2,200,45
10,20071203,2,4,1,6,6,1,200,84
11,20071206,2,7,1,6,19,2,200,56
12,20071206,2,4,1,6,65,3,200,56
13,20071209,2,1,1,5,26,2,200,38
14,20071115,4,2,1,,139,9,,
15,20071115,4,3,1,8,176,1,1000,633
16,20071115,4,1,1,7,7,32,150,115
17,20071118,4,3,1,,41,13,,
18,20071118,4,5,1,9,49,23,1000,1071
19,20071118,4,7,1,10,18,16,750,591
20,20071121,4,4,1,8,16,9,1000,1000
21,20071121,4,6,1,10,66,3,750,713
22,20071124,4,6,1,10,33,10,750,493
23,20071124,4,2,1,7,59,14,150,121
24,20071124,4,5,1,8,43,12,1000,371
25,20071127,4,7,1,,30,7,,
26,20071127,4,5,1,10,17,1,750,312
27,20071130,4,6,1,8,25,7,1000,404
28,20071130,4,2,1,,7,0,,
29,20071203,4,5,1,,48,4,,
30,20071203,4,6,1,8,18,6,1000,339
31,20071206,4,3,1,7,10,0,150,34
32,20071206,4,2,1,10,35,2,750,204
33,20071206,4,6,1,,25,3,,
34,20071209,4,4,1,8,22,1,1000,198
35,20071115,6,5,1,47,40,0,750,556
36,20071115,6,6,1,,295,2,,
37,20071115,6,4,1,46,13,17,1000,880
38,20071118,6,7,1,48,98,16,300,335
39,20071118,6,3,1,,80,5,,
40,20071121,6,5,1,46,45,16,1000,490
41,20071121,6,1,1,48,33,3,300,158
42,20071124,6,4,1,,93,10,,
43,20071124,6,5,1,,20,4,,
44,20071127,6,6,1,,51,6,,
45,20071127,6,4,1,46,60,8,1000,497
46,20071127,6,7,1,46,45,3,1000,631
47,20071130,6,6,1,48,18,3,300,102
48,20071130,6,5,1,47,55,3,750,367
49,20071203,6,5,1,,56,1,,
50,20071203,6,3,1,47,91,2,750,137
51,20071203,6,6,1,48,34,7,300,42
52,20071206,6,3,1,48,63,3,300,50
53,20071209,6,2,1,,14,0,,
54,20071209,6,7,1,48,22,6,300,61
55,20071209,6,6,1,,9,0,,
56,20071115,30,7,1,,83,22,,
57,20071115,30,5,1,4,62,3,300,170
58,20071118,30,1,1,4,57,12,300,126
59,20071118,30,2,1,,23,12,,
60,20071121,30,2,1,2,62,3,150,52
61,20071124,30,4,1,1,23,5,150,62
62,20071124,30,6,1,,135,4,,
63,20071127,30,7,1,1,40,0,150,101
64,20071127,30,2,1,1,75,7,150,100
65,20071127,30,6,1,1,43,1,150,103
66,20071130,30,1,1,,20,8,,
67,20071130,30,6,1,3,10,5,1000,403
68,20071203,30,6,1,,31,2,,
69,20071203,30,3,1,,15,7,,
70,20071203,30,4,1,2,117,4,150,58
71,20071206,30,2,1,2,12,0,150,15
72,20071206,30,5,1,,15,1,,
73,20071209,30,7,1,3,51,2,1000,197
74,20071209,30,4,1,,7,1,,
75,20090525,28,3,2,,42,2,,
76,20090525,28,6,2,,34,1,,
77,20090528,28,2,2,51,11,10,150,53
78,20090531,28,2,2,,46,1,,
79,20090603,28,1,2,52,7,5,150,113
80,20090603,28,2,2,,18,2,,
81,20090603,28,4,2,,56,3,,
82,20090606,28,6,2,,9,3,,
83,20090606,28,5,2,,46,4,,
84,20090606,28,3,2,49,4,2,200,115
85,20090609,28,4,2,51,6,3,150,48
86,20090609,28,6,2,51,27,4,150,54
87,20090612,28,1,2,49,21,1,200,43
88,20090612,28,3,2,51,4,3,150,64
89,20090612,28,4,2,49,21,0,200,83
90,20090615,28,5,2,49,5,1,200,47
91,20090615,28,7,2,50,10,1,1000,229
92,20090615,28,4,2,52,7,0,150,28
93,20090618,28,2,2,51,8,0,150,26
94,20090618,28,1,2,,3,2,,
95,20090618,28,4,2,50,10,1,1000,192
96,20090525,26,6,2,31,37,7,200,127
97,20090525,26,5,2,30,13,8,300,171
98,20090525,26,7,2,31,49,7,200,199
99,20090528,26,7,2,31,12,11,200,85
100,20090528,26,5,2,30,38,0,300,168
101,20090528,26,4,2,,48,3,,
102,20090531,26,2,2,30,17,6,300,282
103,20090531,26,6,2,,56,1,,
104,20090531,26,7,2,31,10,3,200,201
105,20090603,26,6,2,,28,8,,
106,20090606,26,3,2,32,45,4,200,67
107,20090606,26,1,2,31,64,5,200,106
108,20090606,26,5,2,,20,2,,
109,20090609,26,6,2,31,4,1,200,92
110,20090612,26,6,2,30,14,2,300,123
111,20090612,26,1,2,32,20,3,200,29
112,20090615,26,6,2,,16,1,,
113,20090615,26,1,2,30,2,0,300,68
114,20090615,26,5,2,31,4,0,200,41
115,20090618,26,2,2,,21,1,,
116,20090618,26,6,2,30,16,1,300,69
117,20090618,26,4,2,,9,1,,
118,20090525,30,3,2,,18,3,,
119,20090528,30,4,2,2,34,1,150,75
120,20090528,30,6,2,,23,4,,
121,20090531,30,6,2,,33,3,,
122,20090531,30,5,2,1,7,11,150,113
123,20090531,30,2,2,,13,12,,
124,20090603,30,2,2,2,24,7,150,53
125,20090603,30,3,2,3,19,4,1000,494
126,20090603,30,7,2,,2,3,,
127,20090606,30,2,2,,17,3,,
128,20090606,30,6,2,3,45,1,1000,557
129,20090609,30,5,2,,15,1,,
130,20090609,30,1,2,2,4,3,150,33
131,20090609,30,7,2,3,11,1,1000,344
132,20090612,30,1,2,3,9,0,1000,402
133,20090612,30,7,2,,22,4,,
134,20090612,30,6,2,,15,1,,
135,20090615,30,5,2,3,7,0,1000,99
136,20090615,30,6,2,,6,1,,
137,20090618,30,4,2,,7,0,,
138,20090618,30,2,2,,1,1,,
139,20170401,50,3,3,53,26,1,200,232
140,20170401,50,2,3,56,11,7,200,176
141,20170404,50,7,3,53,66,5,200,128
142,20170404,50,1,3,56,39,5,200,234
143,20170404,50,2,3,53,18,6,200,83
144,20170407,50,6,3,56,10,5,200,156
145,20170410,50,5,3,53,34,4,200,202
146,20170413,50,5,3,,36,1,,
147,20170416,50,7,3,,131,1,,
148,20170419,50,3,3,,29,1,,
149,20170419,50,5,3,,66,1,,
150,20170419,50,6,3,54,29,2,300,159
151,20170422,50,5,3,53,13,7,200,72
152,20170422,50,2,3,54,22,11,300,74
153,20170422,50,4,3,,23,1,,
154,20170425,50,5,3,55,13,2,150,78
155,20170425,50,4,3,,3,0,,
156,20170428,50,4,3,,14,1,,
157,20170428,50,5,3,55,7,1,150,36
158,20170428,50,3,3,56,8,1,200,70
159,20170501,50,7,3,54,8,1,300,46
160,20170504,50,1,3,56,16,0,200,32
161,20170504,50,5,3,54,0,2,300,49
162,20170507,50,2,3,53,6,1,200,35
163,20170507,50,3,3,,4,0,,
164,20170510,50,1,3,,8,1,,
165,20170510,50,5,3,55,7,0,150,15
166,20170513,50,6,3,,17,1,,
167,20170513,50,5,3,,11,1,,
168,20170401,52,2,3,26,47,17,300,323
169,20170401,52,1,3,26,117,4,300,232
170,20170404,52,3,3,25,22,5,750,360
171,20170407,52,6,3,,14,6,,
172,20170407,52,4,3,25,8,1,750,675
173,20170407,52,5,3,26,34,3,300,141
174,20170410,52,7,3,26,32,6,300,270
175,20170410,52,5,3,26,26,1,300,180
176,20170413,52,5,3,27,4,1,150,125
177,20170413,52,2,3,26,23,9,300,134
178,20170413,52,3,3,26,22,4,300,134
179,20170416,52,3,3,,31,0,,
180,20170416,52,6,3,27,20,4,150,79
181,20170419,52,3,3,26,10,4,300,143
182,20170422,52,1,3,27,9,5,150,60
183,20170422,52,5,3,27,21,2,150,83
184,20170425,52,6,3,27,14,0,150,46
185,20170428,52,4,3,,20,1,,
186,20170501,52,1,3,26,19,0,300,98
187,20170501,52,4,3,27,11,4,150,19
188,20170501,52,6,3,26,26,0,300,62
189,20170504,52,1,3,,13,1,,
190,20170504,52,4,3,26,4,0,300,61
191,20170507,52,5,3,26,14,4,300,33
192,20170507,52,6,3,,12,1,,
193,20170507,52,4,3,,4,0,,
194,20170510,52,6,3,,6,1,,
195,20170510,52,1,3,,4,5,,
196,20170510,52,7,3,27,16,1,150,16
197,20170513,52,1,3,,1,1,,
198,20170513,52,5,3,26,10,1,300,31
199,20170513,52,4,3,25,16,0,750,186
200,20170401,48,3,3,57,7,9,500,491
201,20170401,48,1,3,58,17,6,300,369
202,20170404,48,6,3,,41,3,,
203,20170404,48,2,3,,33,6,,
204,20170404,48,4,3,58,44,3,300,118
205,20170407,48,2,3,58,8,3,300,317
206,20170410,48,1,3,,42,12,,
207,20170413,48,7,3,57,20,7,500,320
208,20170416,48,1,3,57,29,2,500,214
209,20170416,48,2,3,58,21,1,300,198
210,20170419,48,2,3,,52,6,,
211,20170419,48,4,3,,25,2,,
212,20170422,48,6,3,,33,4,,
213,20170425,48,1,3,57,11,2,500,217
214,20170428,48,6,3,57,13,4,500,124
215,20170428,48,2,3,,36,2,,
216,20170428,48,4,3,58,11,2,300,119
217,20170501,48,6,3,57,9,0,500,101
218,20170501,48,4,3,57,10,0,500,170
219,20170501,48,2,3,58,2,1,300,56
220,20170504,48,4,3,,4,2,,
221,20170504,48,3,3,57,37,1,500,92
222,20170507,48,5,3,,1,1,,
223,20170510,48,5,3,,8,0,,
224,20170510,48,3,3,,2,0,,
225,20170510,48,1,3,57,4,0,500,124
226,20170513,48,4,3,,5,2,,
227,20170513,48,3,3,,2,1,,
228,20170513,48,1,3,58,4,0,300,62
229,20200701,34,7,4,28,102,2,1000,1177
230,20200704,34,1,4,28,9,18,1000,388
231,20200704,34,6,4,,89,21,,
232,20200707,34,3,4,,1,21,,
233,20200707,34,6,4,29,183,15,500,458
234,20200710,34,4,4,,77,4,,
235,20200710,34,5,4,28,8,15,1000,693
236,20200710,34,3,4,,143,4,,
237,20200713,34,5,4,28,92,8,1000,756
238,20200713,34,7,4,28,37,3,1000,527
239,20200713,34,4,4,,18,9,,
240,20200716,34,7,4,,181,10,,
241,20200716,34,1,4,,17,3,,
242,20200716,34,3,4,,10,13,,
243,20200719,34,4,4,29,46,7,500,170
244,20200719,34,6,4,29,17,15,500,165
245,20200722,34,2,4,,60,1,,
246,20200722,34,5,4,,7,3,,
247,20200725,34,4,4,,43,17,,
248,20200728,34,6,4,29,22,11,500,374
249,20200728,34,2,4,,31,6,,
250,20200731,34,1,4,,45,10,,
251,20200731,34,3,4,29,74,1,500,132
252,20200803,34,7,4,,22,3,,
253,20200803,34,6,4,,56,9,,
254,20200806,34,2,4,29,39,1,500,215
255,20200809,34,3,4,28,24,14,1000,583
256,20200809,34,6,4,28,58,9,1000,519
257,20200812,34,6,4,,23,0,,
258,20200812,34,4,4,,15,3,,
259,20200815,34,5,4,,44,1,,
260,20200818,34,3,4,,89,3,,
261,20200821,34,2,4,,16,2,,
262,20200821,34,5,4,28,14,7,1000,302
263,20200824,34,7,4,28,26,2,1000,191
264,20200827,34,1,4,,18,4,,
265,20200827,34,3,4,29,11,10,500,86
266,20200830,34,4,4,,10,2,,
267,20200830,34,6,4,29,22,4,500,109
268,20200830,34,1,4,28,7,7,1000,135
269,20200902,34,5,4,28,23,0,1000,166
270,20200902,34,7,4,,10,1,,
271,20200905,34,6,4,28,40,7,1000,153
272,20200905,34,7,4,28,52,2,1000,104
273,20200908,34,7,4,,14,0,,
274,20200908,34,2,4,,43,1,,
275,20200908,34,6,4,29,34,1,500,113
276,20200911,34,1,4,28,7,1,1000,128
277,20200911,34,6,4,,8,2,,
278,20200911,34,7,4,,14,2,,
279,20200914,34,2,4,29,7,3,500,104
280,20200701,44,5,4,35,108,7,500,537
281,20200701,44,2,4,,23,6,,
282,20200701,44,6,4,,76,9,,
283,20200704,44,4,4,,24,3,,
284,20200704,44,7,4,,37,17,,
285,20200704,44,5,4,34,200,5,150,168
286,20200707,44,4,4,35,10,8,500,314
287,20200707,44,2,4,,55,7,,
288,20200710,44,5,4,,20,21,,
289,20200710,44,3,4,,116,7,,
290,20200710,44,7,4,,191,18,,
291,20200713,44,2,4,,73,20,,
292,20200713,44,7,4,34,144,7,150,147
293,20200713,44,6,4,,115,12,,
294,20200716,44,6,4,,11,1,,
295,20200719,44,5,4,35,100,10,500,478
296,20200722,44,6,4,,91,9,,
297,20200722,44,1,4,35,56,11,500,429
298,20200725,44,6,4,,58,7,,
299,20200725,44,7,4,,94,6,,
300,20200725,44,4,4,34,16,13,150,42
301,20200728,44,5,4,34,75,21,150,91
302,20200731,44,1,4,,71,16,,
303,20200803,44,3,4,,19,2,,
304,20200806,44,3,4,,29,12,,
305,20200809,44,7,4,34,53,10,150,51
306,20200812,44,7,4,34,58,4,150,78
307,20200815,44,1,4,,21,6,,
308,20200815,44,5,4,,24,5,,
309,20200818,44,6,4,,3,4,,
310,20200821,44,2,4,,19,9,,
311,20200821,44,5,4,,5,3,,
312,20200824,44,6,4,34,39,2,150,42
313,20200824,44,7,4,35,2,4,500,149
314,20200827,44,5,4,34,13,3,150,27
315,20200827,44,1,4,34,15,0,150,24
316,20200830,44,6,4,,23,4,,
317,20200902,44,3,4,,16,1,,
318,20200902,44,5,4,35,40,3,500,58
319,20200902,44,6,4,,21,2,,
320,20200905,44,4,4,,21,3,,
321,20200905,44,2,4,33,47,3,150,20
322,20200908,44,5,4,34,7,4,150,30
323,20200908,44,1,4,33,10,0,150,12
324,20200908,44,4,4,34,21,0,150,20
325,20200911,44,3,4,33,21,3,150,20
326,20200914,44,2,4,,6,2,,
327,20200701,46,7,4,,271,22,,
328,20200701,46,6,4,37,72,28,300,122
329,20200704,46,7,4,,230,11,,
330,20200704,46,5,4,,3,10,,
331,20200707,46,2,4,36,52,13,300,236
332,20200710,46,7,4,37,31,1,300,207
333,20200713,46,1,4,37,148,7,300,283
334,20200716,46,5,4,37,82,26,300,238
335,20200719,46,5,4,36,108,2,300,150
336,20200719,46,6,4,,25,3,,
337,20200722,46,6,4,36,48,3,300,259
338,20200725,46,7,4,,29,5,,
339,20200728,46,3,4,,80,5,,
340,20200728,46,2,4,36,10,12,300,186
341,20200728,46,1,4,,47,10,,
342,20200731,46,1,4,,22,10,,
343,20200731,46,3,4,,35,4,,
344,20200731,46,2,4,37,43,5,300,157
345,20200803,46,3,4,36,19,4,300,173
346,20200803,46,6,4,36,37,7,300,70
347,20200806,46,5,4,37,11,6,300,168
348,20200809,46,7,4,36,47,5,300,129
349,20200809,46,3,4,37,46,4,300,183
350,20200812,46,1,4,36,33,2,300,77
351,20200812,46,3,4,37,12,5,300,104
352,20200812,46,2,4,36,26,3,300,107
353,20200815,46,3,4,37,68,14,300,153
354,20200815,46,5,4,,12,4,,
355,20200815,46,6,4,36,39,2,300,93
356,20200818,46,7,4,,29,7,,
357,20200818,46,4,4,,15,3,,
358,20200821,46,4,4,36,28,4,300,93
359,20200824,46,6,4,,32,3,,
360,20200824,46,2,4,37,6,6,300,83
361,20200827,46,3,4,37,25,9,300,48
362,20200827,46,5,4,36,16,0,300,30
363,20200830,46,6,4,,11,2,,
364,20200830,46,7,4,36,11,3,300,36
365,20200902,46,3,4,37,8,1,300,58
366,20200902,46,7,4,36,8,3,300,28
367,20200905,46,6,4,36,22,0,300,53
368,20200905,46,2,4,,6,2,,
369,20200908,46,2,4,36,6,3,300,54
370,20200911,46,3,4,36,5,1,300,57
371,20200911,46,2,4,,3,2,,
372,20200911,46,1,4,,15,1,,
373,20200914,46,1,4,,26,0,,
374,20200914,46,5,4,37,7,9,300,33
375,20200914,46,7,4,37,28,1,300,29
376,20200701,24,5,4,,132,7,,
377,20200704,24,6,4,61,89,1,200,120
378,20200704,24,4,4,59,8,3,1000,398
379,20200707,24,2,4,,28,34,,
380,20200707,24,5,4,59,71,25,1000,1034
381,20200710,24,4,4,,68,1,,
382,20200710,24,1,4,61,13,5,200,98
383,20200710,24,7,4,,20,14,,
384,20200713,24,7,4,,96,1,,
385,20200713,24,3,4,61,169,8,200,178
386,20200716,24,5,4,,15,15,,
387,20200716,24,1,4,,176,3,,
388,20200719,24,2,4,,65,9,,
389,20200722,24,1,4,,42,2,,
390,20200725,24,4,4,59,37,11,1000,510
391,20200725,24,2,4,59,123,9,1000,846
392,20200725,24,6,4,61,14,3,200,106
393,20200728,24,6,4,,43,5,,
394,20200728,24,1,4,61,160,7,200,143
395,20200731,24,6,4,59,23,6,1000,246
396,20200731,24,7,4,59,40,5,1000,353
397,20200803,24,4,4,,102,5,,
398,20200803,24,5,4,61,35,2,200,120
399,20200803,24,3,4,60,33,18,300,123
400,20200806,24,5,4,,41,11,,
401,20200806,24,3,4,61,222,4,200,130
402,20200809,24,7,4,59,13,3,1000,414
403,20200809,24,6,4,59,30,12,1000,533
404,20200812,24,7,4,,18,3,,
405,20200812,24,5,4,60,15,0,300,174
406,20200815,24,4,4,,2,6,,
407,20200815,24,1,4,,19,6,,
408,20200818,24,1,4,,34,4,,
409,20200818,24,5,4,60,1,9,300,131
410,20200818,24,2,4,,17,0,,
411,20200821,24,7,4,61,70,13,200,38
412,20200824,24,5,4,61,10,0,200,61
413,20200824,24,7,4,59,54,2,1000,313
414,20200827,24,3,4,60,20,4,300,87
415,20200827,24,2,4,,30,6,,
416,20200830,24,2,4,60,15,0,300,64
417,20200902,24,5,4,59,9,1,1000,94
418,20200905,24,1,4,,3,2,,
419,20200905,24,6,4,61,31,2,200,51
420,20200905,24,3,4,,6,3,,
421,20200908,24,5,4,,11,2,,
422,20200911,24,6,4,,12,8,,
423,20200914,24,1,4,,16,3,,
424,20200914,24,7,4,60,12,4,300,49
425,20200701,38,5,4,12,36,4,500,320
426,20200701,38,3,4,,233,10,,
427,20200704,38,5,4,,101,6,,
428,20200704,38,4,4,11,42,12,750,600
429,20200704,38,7,4,,84,3,,
430,20200707,38,6,4,11,71,13,750,848
431,20200710,38,1,4,11,117,9,750,459
432,20200713,38,7,4,,28,4,,
433,20200713,38,2,4,12,157,2,500,287
434,20200713,38,5,4,11,70,24,750,715
435,20200716,38,6,4,12,113,11,500,252
436,20200719,38,7,4,12,62,19,500,339
437,20200719,38,1,4,,61,1,,
438,20200722,38,6,4,12,75,5,500,403
439,20200725,38,5,4,,173,5,,
440,20200725,38,7,4,12,102,8,500,413
441,20200725,38,1,4,,14,1,,
442,20200728,38,4,4,,53,16,,
443,20200728,38,1,4,12,86,6,500,240
444,20200731,38,3,4,,79,3,,
445,20200731,38,4,4,12,40,15,500,255
446,20200731,38,6,4,12,9,2,500,381
447,20200803,38,5,4,12,96,20,500,149
448,20200803,38,1,4,,54,9,,
449,20200803,38,2,4,,38,13,,
450,20200806,38,1,4,11,83,5,750,290
451,20200806,38,2,4,12,20,4,500,154
452,20200809,38,5,4,,29,3,,
453,20200809,38,2,4,11,37,5,750,326
454,20200809,38,7,4,,25,6,,
455,20200812,38,6,4,,13,6,,
456,20200812,38,3,4,11,41,7,750,325
457,20200815,38,2,4,12,62,4,500,150
458,20200815,38,3,4,12,31,2,500,207
459,20200818,38,1,4,11,48,0,750,188
460,20200821,38,1,4,11,8,5,750,279
461,20200824,38,5,4,12,7,3,500,175
462,20200824,38,2,4,,46,0,,
463,20200827,38,3,4,,13,4,,
464,20200827,38,7,4,11,31,2,750,166
465,20200827,38,2,4,11,25,2,750,113
466,20200830,38,4,4,,15,1,,
467,20200830,38,6,4,12,17,1,500,130
468,20200902,38,6,4,,9,1,,
469,20200905,38,3,4,11,12,3,750,65
470,20200908,38,5,4,,16,1,,
471,20200911,38,3,4,,21,4,,
472,20200911,38,1,4,,9,6,,
473,20200911,38,5,4,11,3,4,750,96
474,20200914,38,3,4,12,2,1,500,55
475,20200520,26,5,5,31,31,7,200,98
476,20200523,26,2,5,,37,1,,
477,20200523,26,3,5,,8,7,,
478,20200523,26,4,5,30,33,4,300,143
479,20200526,26,4,5,30,24,2,300,108
480,20200526,26,6,5,32,96,1,200,76
481,20200526,26,2,5,31,75,1,200,110
482,20200529,26,7,5,31,3,1,200,105
483,20200601,26,5,5,,11,1,,
484,20200601,26,4,5,31,5,0,200,48
485,20200604,26,3,5,,5,0,,
486,20200607,26,4,5,32,8,2,200,39
487,20200520,28,1,5,,67,5,,
488,20200523,28,2,5,52,52,5,150,146
489,20200523,28,4,5,49,35,3,200,208
490,20200526,28,2,5,49,38,4,200,70
491,20200526,28,7,5,50,61,4,1000,546
492,20200526,28,1,5,,38,4,,
493,20200529,28,5,5,51,22,5,150,93
494,20200529,28,3,5,49,12,2,200,106
495,20200529,28,4,5,49,41,1,200,64
496,20200601,28,6,5,50,14,2,1000,328
497,20200604,28,2,5,52,3,0,150,13
498,20200604,28,1,5,52,8,0,150,24
499,20200607,28,2,5,,6,0,,
500,20200520,30,3,5,,40,2,,
501,20200520,30,4,5,2,40,5,150,171
502,20200523,30,5,5,2,62,6,150,56
503,20200523,30,6,5,3,18,4,1000,1066
504,20200523,30,1,5,1,14,0,150,75
505,20200526,30,4,5,,54,8,,
506,20200526,30,6,5,,4,1,,
507,20200526,30,5,5,,18,1,,
508,20200529,30,3,5,3,24,0,1000,419
509,20200601,30,6,5,3,10,1,1000,367
510,20200601,30,4,5,4,14,0,300,109
511,20200601,30,3,5,1,12,4,150,52
512,20200604,30,6,5,,4,0,,
513,20200604,30,5,5,3,4,1,1000,244
514,20200607,30,5,5,,5,1,,
515,20200607,30,3,5,,1,1,,
516,20220515,48,2,6,58,35,0,300,259
517,20220515,48,4,6,,15,19,,
518,20220518,48,2,6,,31,4,,
519,20220518,48,1,6,57,125,10,500,484
520,20220518,48,5,6,,170,22,,
521,20220521,48,4,6,,75,3,,
522,20220521,48,3,6,,25,10,,
523,20220521,48,5,6,,96,7,,
524,20220524,48,6,6,58,55,7,300,196
525,20220524,48,7,6,57,199,24,500,494
526,20220524,48,1,6,58,149,9,300,305
527,20220527,48,4,6,,106,15,,
528,20220527,48,3,6,,170,14,,
529,20220530,48,2,6,,61,6,,
530,20220530,48,4,6,,30,8,,
531,20220530,48,3,6,57,21,12,500,415
532,20220602,48,2,6,57,120,23,500,212
533,20220602,48,1,6,58,55,12,300,276
534,20220605,48,4,6,,68,5,,
535,20220605,48,5,6,57,9,7,500,458
536,20220608,48,2,6,57,158,3,500,197
537,20220611,48,7,6,,29,7,,
538,20220611,48,3,6,57,75,11,500,295
539,20220614,48,4,6,,47,11,,
540,20220614,48,1,6,58,110,4,300,161
541,20220614,48,6,6,,111,7,,
542,20220617,48,3,6,,14,14,,
543,20220617,48,6,6,57,63,6,500,288
544,20220620,48,1,6,57,119,5,500,258
545,20220623,48,6,6,57,28,1,500,166
546,20220623,48,5,6,57,36,11,500,174
547,20220623,48,7,6,,121,4,,
548,20220626,48,3,6,,28,3,,
549,20220626,48,5,6,,57,13,,
550,20220629,48,2,6,57,13,1,500,104
551,20220629,48,4,6,58,72,1,300,142
552,20220629,48,7,6,58,23,3,300,150
553,20220702,48,1,6,57,19,3,500,165
554,20220702,48,4,6,58,47,5,300,132
555,20220702,48,5,6,57,24,4,500,132
556,20220705,48,7,6,58,15,3,300,65
557,20220705,48,2,6,,43,9,,
558,20220708,48,6,6,,32,1,,
559,20220711,48,1,6,,3,2,,
560,20220711,48,6,6,,3,2,,
561,20220711,48,7,6,58,15,5,300,80
562,20220714,48,6,6,57,40,0,500,46
563,20220714,48,7,6,57,6,1,500,53
564,20220717,48,4,6,,8,0,,
565,20220717,48,1,6,58,34,3,300,38
566,20220720,48,1,6,57,6,5,500,128
567,20220720,48,2,6,,15,2,,
568,20220723,48,3,6,,26,1,,
569,20220723,48,6,6,57,39,0,500,109
570,20220723,48,4,6,,10,0,,
571,20220726,48,4,6,58,12,0,300,64
572,20220726,48,6,6,,10,4,,
573,20220515,50,6,6,,120,7,,
574,20220515,50,3,6,55,66,14,150,155
575,20220515,50,4,6,,105,8,,
576,20220518,50,3,6,54,42,15,300,287
577,20220518,50,4,6,55,144,10,150,104
578,20220521,50,7,6,55,55,27,150,82
579,20220521,50,6,6,,177,6,,
580,20220521,50,4,6,56,153,16,200,191
581,20220524,50,6,6,,72,14,,
582,20220524,50,7,6,,148,3,,
583,20220524,50,3,6,,49,13,,
584,20220527,50,2,6,,57,15,,
585,20220527,50,3,6,54,172,6,300,179
586,20220527,50,1,6,56,63,8,200,179
587,20220530,50,7,6,56,116,9,200,181
588,20220602,50,2,6,53,50,4,200,163
589,20220602,50,7,6,55,17,15,150,100
590,20220605,50,6,6,53,169,8,200,147
591,20220605,50,2,6,,45,3,,
592,20220608,50,4,6,,56,7,,
593,20220608,50,1,6,54,75,13,300,173
594,20220611,50,3,6,,63,17,,
595,20220611,50,7,6,,47,1,,
596,20220614,50,3,6,,43,6,,
597,20220614,50,2,6,53,14,11,200,63
598,20220614,50,5,6,,33,5,,
599,20220617,50,7,6,,10,13,,
600,20220617,50,4,6,,50,7,,
601,20220620,50,7,6,,12,1,,
602,20220623,50,7,6,53,31,2,200,64
603,20220626,50,6,6,54,16,15,300,55
604,20220629,50,2,6,56,39,6,200,67
605,20220629,50,6,6,,15,3,,
606,20220702,50,6,6,55,46,8,150,45
607,20220702,50,1,6,54,29,3,300,113
608,20220705,50,7,6,56,18,0,200,56
609,20220708,50,2,6,,41,4,,
610,20220711,50,3,6,53,11,0,200,52
611,20220711,50,7,6,56,15,3,200,26
612,20220714,50,6,6,56,18,1,200,48
613,20220714,50,7,6,,23,4,,
614,20220717,50,7,6,56,1,4,200,29
615,20220720,50,7,6,,17,0,,
616,20220720,50,5,6,53,13,1,200,17
617,20220723,50,2,6,,36,0,,
618,20220723,50,1,6,53,26,3,200,28
619,20220726,50,3,6,54,13,0,300,40
620,20220515,54,5,6,,144,18,,
621,20220515,54,4,6,,216,4,,
622,20220515,54,1,6,,191,32,,
623,20220518,54,7,6,,48,18,,
624,20220521,54,7,6,41,58,14,500,290
625,20220521,54,4,6,38,50,7,300,351
626,20220524,54,2,6,,47,10,,
627,20220524,54,1,6,40,80,17,1000,523
628,20220524,54,3,6,39,86,12,150,67
629,20220527,54,1,6,,76,2,,
630,20220527,54,5,6,,125,8,,
631,20220530,54,6,6,38,13,5,300,276
632,20220602,54,2,6,40,119,3,1000,931
633,20220605,54,6,6,,84,7,,
634,20220608,54,4,6,38,72,25,300,165
635,20220611,54,7,6,,19,14,,
636,20220611,54,6,6,41,31,4,500,321
637,20220611,54,3,6,40,111,1,1000,788
638,20220614,54,7,6,39,84,14,150,39
639,20220617,54,7,6,41,32,12,500,257
640,20220620,54,6,6,38,14,3,300,89
641,20220623,54,1,6,,7,4,,
642,20220626,54,3,6,39,51,2,150,31
643,20220626,54,6,6,41,31,1,500,260
644,20220629,54,3,6,,60,3,,
645,20220702,54,1,6,,56,2,,
646,20220702,54,7,6,40,38,1,1000,299
647,20220705,54,4,6,,22,7,,
648,20220705,54,1,6,38,23,12,300,75
649,20220708,54,4,6,,23,0,,
650,20220708,54,7,6,,6,3,,
651,20220711,54,1,6,40,26,2,1000,180
652,20220711,54,3,6,38,16,2,300,57
653,20220711,54,7,6,38,16,0,300,33
654,20220714,54,7,6,40,9,1,1000,230
655,20220714,54,2,6,41,9,2,500,115
656,20220714,54,5,6,,7,1,,
657,20220717,54,2,6,38,6,1,300,54
658,20220717,54,7,6,40,22,2,1000,256
659,20220720,54,4,6,39,6,5,150,25
660,20220720,54,5,6,40,64,2,1000,159
661,20220720,54,3,6,,50,1,,
662,20220723,54,3,6,39,7,1,150,21
663,20220723,54,1,6,38,21,2,300,69
664,20220726,54,3,6,,8,1,,
665,20220726,54,2,6,,32,5,,
666,20220515,52,7,6,,36,12,,
667,20220515,52,3,6,25,47,8,750,595
668,20220518,52,1,6,27,129,3,150,185
669,20220518,52,2,6,25,122,7,750,925
670,20220518,52,3,6,,148,3,,
671,20220521,52,6,6,26,23,4,300,222
672,20220524,52,2,6,,133,1,,
673,20220524,52,7,6,,2,14,,
674,20220527,52,2,6,,150,9,,
675,20220527,52,4,6,,126,11,,
676,20220527,52,1,6,,57,10,,
677,20220530,52,6,6,,145,30,,
678,20220530,52,1,6,27,54,6,150,149
679,20220530,52,4,6,26,35,22,300,204
680,20220602,52,2,6,25,29,3,750,661
681,20220605,52,1,6,25,14,6,750,372
682,20220608,52,3,6,,78,10,,
683,20220611,52,6,6,,76,3,,
684,20220611,52,1,6,27,29,5,150,55
685,20220611,52,2,6,25,102,7,750,478
686,20220614,52,4,6,26,4,6,300,158
687,20220617,52,5,6,25,102,10,750,368
688,20220617,52,6,6,,29,6,,
689,20220620,52,4,6,25,28,14,750,291
690,20220620,52,1,6,25,60,1,750,242
691,20220623,52,4,6,,43,4,,
692,20220626,52,4,6,25,25,3,750,248
693,20220629,52,6,6,,64,5,,
694,20220702,52,5,6,25,58,1,750,271
695,20220702,52,3,6,27,21,3,150,51
696,20220702,52,1,6,25,44,9,750,151
697,20220705,52,5,6,25,14,1,750,124
698,20220705,52,7,6,27,11,0,150,25
699,20220705,52,2,6,,39,2,,
700,20220708,52,7,6,27,19,5,150,39
701,20220708,52,6,6,,11,3,,
702,20220708,52,2,6,,7,0,,
703,20220711,52,4,6,27,19,1,150,25
704,20220711,52,1,6,27,19,2,150,25
705,20220711,52,3,6,,10,7,,
706,20220714,52,5,6,25,3,2,750,71
707,20220717,52,1,6,,15,1,,
708,20220720,52,3,6,26,25,5,300,31
709,20220723,52,5,6,25,15,1,750,98
710,20220726,52,4,6,26,26,2,300,30
711,20220726,52,3,6,25,14,1,750,111
712,20230514,10,4,7,,20,0,,
713,20230517,10,2,7,16,18,1,750,848
714,20230517,10,1,7,15,24,1,200,107
715,20230517,10,5,7,,21,6,,
716,20230520,10,4,7,16,40,3,750,709
717,20230523,10,5,7,15,2,2,200,82
718,20230523,10,2,7,,6,2,,
719,20230526,10,2,7,16,12,1,750,165
720,20230526,10,4,7,15,12,4,200,47
721,20230526,10,1,7,,4,3,,
722,20230529,10,6,7,,5,1,,
723,20230601,10,7,7,15,4,1,200,46
724,20230604,10,5,7,16,4,0,750,128
725,20230607,10,1,7,15,0,0,200,38
726,20230514,8,7,7,,46,3,,
727,20230514,8,2,7,14,34,2,150,67
728,20230514,8,3,7,14,57,3,150,181
729,20230517,8,6,7,13,10,3,150,154
730,20230520,8,2,7,13,28,1,150,125
731,20230523,8,3,7,,3,1,,
732,20230523,8,5,7,14,6,2,150,80
733,20230523,8,4,7,,16,1,,
734,20230526,8,2,7,13,9,0,150,79
735,20230526,8,4,7,13,14,0,150,77
736,20230526,8,6,7,,21,1,,
737,20230529,8,1,7,,6,1,,
738,20230529,8,6,7,,13,0,,
739,20230529,8,4,7,13,11,0,150,77
740,20230601,8,4,7,,8,1,,
741,20230601,8,2,7,14,3,1,150,45
742,20230601,8,5,7,,10,1,,
743,20230604,8,3,7,13,7,0,150,15
744,20230604,8,1,7,13,5,0,150,23
745,20230604,8,4,7,13,0,0,150,37
746,20230607,8,7,7,14,4,0,150,23
747,20230607,8,1,7,13,6,0,150,18
748,20230607,8,3,7,,2,0,,
749,20240821,14,6,8,21,87,9,1000,672
750,20240821,14,3,8,23,232,8,500,214
751,20240821,14,5,8,24,151,12,200,128
752,20240824,14,1,8,,41,26,,
753,20240827,14,2,8,22,76,14,750,724
754,20240830,14,6,8,24,51,12,200,88
755,20240830,14,3,8,,181,2,,
756,20240902,14,7,8,21,59,5,1000,505
757,20240902,14,1,8,23,255,23,500,345
758,20240902,14,4,8,23,99,4,500,413
759,20240905,14,3,8,,36,15,,
760,20240908,14,1,8,,98,14,,
761,20240911,14,4,8,22,59,3,750,556
762,20240914,14,4,8,,43,3,,
763,20240914,14,2,8,21,30,5,1000,434
764,20240914,14,3,8,24,78,13,200,134
765,20240917,14,3,8,,13,3,,
766,20240917,14,7,8,,128,4,,
767,20240917,14,1,8,,32,2,,
768,20240920,14,2,8,24,7,5,200,75
769,20240920,14,3,8,,10,2,,
770,20240920,14,7,8,24,40,7,200,53
771,20240923,14,3,8,22,22,0,750,279
772,20240923,14,2,8,24,6,4,200,66
773,20240923,14,1,8,24,11,12,200,77
774,20240926,14,4,8,,12,1,,
775,20240926,14,6,8,,43,1,,
776,20240929,14,3,8,24,11,2,200,26
777,20240929,14,2,8,24,14,0,200,38
778,20240929,14,6,8,22,25,2,750,148
779,20241002,14,1,8,,24,4,,
780,20241002,14,5,8,22,7,1,750,142
781,20241005,14,1,8,21,24,0,1000,253
782,20241005,14,2,8,24,21,1,200,21
783,20241005,14,3,8,,32,1,,
784,20241008,14,1,8,,3,2,,
785,20240821,12,2,8,20,43,41,1000,631
786,20240821,12,1,8,20,135,16,1000,929
787,20240821,12,7,8,,44,5,,
788,20240824,12,2,8,17,177,3,150,59
789,20240824,12,6,8,20,135,22,1000,745
790,20240824,12,3,8,19,116,4,200,111
791,20240827,12,2,8,20,41,10,1000,424
792,20240830,12,4,8,,58,8,,
793,20240830,12,5,8,20,39,20,1000,709
794,20240902,12,6,8,17,14,7,150,125
795,20240902,12,5,8,18,92,20,750,526
796,20240905,12,6,8,,66,5,,
797,20240908,12,2,8,20,53,12,1000,283
798,20240908,12,3,8,,12,5,,
799,20240908,12,6,8,19,19,1,200,106
800,20240911,12,7,8,,58,4,,
801,20240914,12,3,8,,106,8,,
802,20240914,12,5,8,,102,10,,
803,20240917,12,6,8,17,72,6,150,70
804,20240920,12,2,8,,41,1,,
805,20240923,12,4,8,,53,2,,
806,20240926,12,5,8,19,1,2,200,25
807,20240929,12,2,8,,20,1,,
808,20241002,12,1,8,19,4,4,200,22
809,20241002,12,3,8,17,7,1,150,35
810,20241002,12,6,8,,30,1,,
811,20241005,12,4,8,20,19,4,1000,129
812,20241005,12,7,8,19,14,0,200,27
813,20241005,12,6,8,18,30,1,750,69
814,20241008,12,4,8,18,8,3,750,173
815,20241008,12,3,8,20,22,1,1000,122
816,20240821,16,4,8,44,83,9,150,110
817,20240824,16,4,8,42,41,17,150,117
818,20240824,16,2,8,,76,23,,
819,20240824,16,5,8,,82,28,,
820,20240827,16,4,8,45,102,10,750,721
821,20240830,16,5,8,,152,23,,
822,20240902,16,3,8,,16,7,,
823,20240905,16,4,8,45,93,15,750,313
824,20240908,16,3,8,,79,23,,
825,20240908,16,7,8,44,67,10,150,94
826,20240908,16,6,8,42,24,3,150,119
827,20240911,16,3,8,,34,1,,
828,20240911,16,6,8,42,38,6,150,36
829,20240914,16,5,8,42,35,4,150,48
830,20240914,16,1,8,,59,5,,
831,20240917,16,1,8,,25,2,,
832,20240920,16,6,8,43,79,12,500,115
833,20240920,16,4,8,,29,3,,
834,20240920,16,2,8,,31,9,,
835,20240923,16,1,8,42,19,8,150,50
836,20240923,16,6,8,44,34,2,150,58
837,20240923,16,7,8,44,42,8,150,52
838,20240926,16,5,8,,26,3,,
839,20240926,16,4,8,,5,1,,
840,20240926,16,3,8,42,27,1,150,32
841,20240929,16,3,8,,8,4,,
842,20241002,16,7,8,,12,1,,
843,20241002,16,4,8,43,6,4,500,124
844,20241002,16,6,8,45,41,2,750,186
845,20241005,16,3,8,42,13,5,150,14
846,20241005,16,6,8,44,3,5,150,38
847,20241008,16,1,8,,28,1,,
848,20241008,16,3,8,43,8,1,500,100
849,20241008,16,5,8,,15,1,,
850,20240821,8,6,8,14,89,20,150,88
851,20240821,8,4,8,14,169,15,150,67
852,20240821,8,5,8,,30,6,,
853,20240824,8,6,8,14,26,15,150,134
854,20240824,8,7,8,14,118,4,150,100
855,20240824,8,3,8,13,68,13,150,155
856,20240827,8,1,8,,47,46,,
857,20240827,8,2,8,13,32,15,150,168
858,20240830,8,5,8,,211,5,,
859,20240830,8,3,8,,24,10,,
860,20240830,8,2,8,,59,14,,
861,20240902,8,7,8,,106,1,,
862,20240905,8,4,8,,188,9,,
863,20240908,8,7,8,13,70,6,150,88
864,20240908,8,5,8,14,54,6,150,70
865,20240911,8,1,8,14,15,10,150,55
866,20240911,8,3,8,14,29,3,150,64
867,20240911,8,5,8,,49,11,,
868,20240914,8,6,8,13,41,5,150,100
869,20240917,8,2,8,14,83,2,150,86
870,20240917,8,5,8,13,10,7,150,58
871,20240917,8,7,8,14,20,2,150,60
872,20240920,8,1,8,,43,2,,
873,20240920,8,4,8,13,42,2,150,73
874,20240920,8,5,8,13,28,21,150,37
875,20240923,8,1,8,13,22,4,150,63
876,20240923,8,2,8,,26,1,,
877,20240923,8,6,8,13,12,2,150,45
878,20240926,8,3,8,13,24,2,150,36
879,20240929,8,7,8,,26,3,,
880,20241002,8,7,8,,13,0,,
881,20241002,8,5,8,,18,1,,
882,20241005,8,1,8,,22,4,,
883,20241005,8,4,8,13,36,2,150,15
884,20241005,8,2,8,13,6,0,150,29
885,20241008,8,4,8,13,21,4,150,35
886,20241008,8,3,8,,32,6,,
